category,n,successes,success_rate,ci_low,ci_high,median_latency_s,mean_latency_s,mean_tokens_per_second,mean_output_tokens
multiple,25,23,0.92,0.7503348787704218,0.977780066308908,0.25810404191724956,0.2627301583671942,171.96960926091245,43.08
parallel,25,18,0.72,0.5242302810344169,0.8571632616261843,0.3138666250742972,2.6852869033487514,394.36329801851514,123.32
parallel_multiple,25,21,0.84,0.6534598601976183,0.9359665239142201,0.3139986669411883,0.31246095155365766,387.4351925836139,122.72
simple,25,20,0.8,0.6086866446346177,0.9113954589934752,0.2561973329866305,0.25386357833165674,185.69861345033834,45.08
