category,n,successes,success_rate,ci_low,ci_high,median_latency_s,mean_latency_s,mean_tokens_per_second,mean_output_tokens
multiple,25,24,0.96,0.8045552759497747,0.9929039496133008,3.567838458926417,3.8270715166023,12.228152783019484,42.76
parallel,25,18,0.72,0.5242302810344169,0.8571632616261843,2.540387458051555,2.782199054872617,69.57753946914673,123.24
parallel_multiple,25,22,0.88,0.7004380781662651,0.9583325864293191,5.5137330839643255,6.050835980121047,30.032403594502565,122.72
simple,25,21,0.84,0.6534598601976183,0.9359665239142201,0.25104412506334484,0.49331778317689895,162.05769496981384,45.0
