category,n,successes,success_rate,ci_low,ci_high,median_latency_s,mean_latency_s,mean_tokens_per_second,mean_output_tokens
multiple,25,25,1.0,0.8668035060468213,1.0,2.662679989822209,2.7902553343586622,15.212333455111782,42.48
parallel,25,17,0.68,0.48409913734576715,0.8279501248310887,8.100777540821582,7.88945381751284,15.785577349460116,124.56
parallel_multiple,25,19,0.76,0.5656994004476144,0.8850384226967327,7.551257862243801,7.932858289461583,15.580732556212492,123.64
simple,25,19,0.76,0.5656994004476144,0.8850384226967327,2.816232301760465,2.87748543208465,15.655390512840825,45.04
