category,n,successes,success_rate,ci_low,ci_high,median_latency_s,mean_latency_s,mean_tokens_per_second,mean_output_tokens
multiple,25,25,1.0,0.8668035060468213,1.0,24.106324034999943,25.81895325028003,1.4709942571059045,38.0
parallel,25,20,0.8,0.6086866446346177,0.9113954589934752,71.56044942100016,76.93452463212003,1.4819908021906232,113.96
parallel_multiple,25,22,0.88,0.7004380781662651,0.9583325864293191,72.3410247390002,77.88036326403996,1.4793881099959167,115.12
simple,25,24,0.96,0.8045552759497747,0.9929039496133008,27.52804215099968,27.982148531879957,1.4588644468661232,40.52
